ds,yhat,yhat_lower,yhat_upper
2016-09-04,-34.085996987506306,-96.85286251873751,26.709343227852962
2016-09-05,9.424400797167422,-52.936311105353425,68.84589940089386
2016-09-13,9.166709085462262,-51.325921490049936,72.12690190502548
2016-09-15,-4.02405653499377,-65.0691739744198,55.09414658006591
2016-10-02,-29.01256795397203,-89.8745744590683,31.726188923549127
2016-10-03,16.091338696301513,-44.76216298643075,80.24713974819387
2016-10-04,17.52130054384491,-47.27180497805569,76.41152454531228
2016-10-05,16.124514901221588,-46.767574757194815,76.10044119505298
2016-10-06,11.890627822206566,-50.10651181589629,74.89768497133889
2016-10-07,10.538140251902597,-49.66409169393998,72.89526530509167
2016-10-08,-23.27435854904507,-86.15564537547112,41.476848838562006
2016-10-09,-10.244643539306415,-75.4892744748678,53.35948803433463
2016-10-10,33.97029997314372,-28.008633202122958,91.76617522166897
2016-10-22,-40.69580201391143,-101.7134249470082,23.16236076881717
2016-12-23,-38.22475923777582,-101.296266621425,22.946978504317354
2017-01-05,33.56436696949197,-25.345887537118486,97.76141489075418
2017-01-06,35.612454431479925,-23.68586243052968,94.6139560308253
2017-01-07,4.937960593740939,-54.963873993717,62.15607305850041
2017-01-08,20.846420032839152,-37.98343001347183,84.84438616954671
2017-01-09,67.7104552215963,8.70733667646158,125.23872349241735
2017-01-10,70.14808213678917,9.021727076221563,130.6113169095433
2017-01-11,69.06728753594395,5.512118323988086,128.68701691904883
2017-01-12,64.54184268871086,7.892177023862683,124.03296030242407
2017-01-13,62.394386044188934,0.9529826582315006,127.88274947593466
2017-01-14,27.40376843625212,-33.31234553426349,86.45723184051332
2017-01-15,39.00426157898177,-19.005472190750965,101.41076235474628
2017-01-16,81.67804843084481,20.922932276937804,142.1054236561491
2017-01-17,80.14259453329697,20.021202159636736,140.69239157840283
2017-01-18,75.3931645685526,14.868555053157658,138.03193182537203
2017-01-19,67.57698074664225,4.192421289956605,129.5715814388555
2017-01-20,62.57508579456147,-4.083375605076358,129.56384654970734
2017-01-21,25.208921841492508,-35.72395388121239,82.40731590952582
2017-01-22,34.939230854123664,-26.08901234529466,97.75212796884581
2017-01-23,76.27059826106894,14.64335524658401,139.6871410214611
2017-01-24,73.90366523389011,14.214254225180298,132.96920800589882
2017-01-25,68.81435047756082,6.714082381130854,133.58930601041837
2017-01-26,61.11742930093762,-0.6153852577920346,120.50445626203458
2017-01-27,56.65003667496737,-6.386409181487432,120.74899004197755
2017-01-28,20.180137788630276,-42.82799004025494,80.8435567890326
2017-01-29,31.107509399320953,-27.230271284581175,93.01579732658418
2017-01-30,73.85857703028182,12.027135601860316,132.87384568663632
2017-01-31,73.07661997915046,12.333002641854165,134.2240018463375
2017-02-01,69.66751042348244,6.252299935828749,135.0012284239331
2017-02-02,63.67737745958505,5.720706664505818,127.17169104204154
2017-02-03,60.878148461526216,-0.5638142833303019,118.77057508339334
2017-02-04,25.977867271077294,-32.96817681450607,83.15323484069347
2017-02-05,38.32328490602054,-22.950918805316174,104.61383024461338
2017-02-06,82.29602858106158,21.070472269873353,146.188359569151
2017-02-07,82.50383102250554,18.860235739528687,142.26193710165168
2017-02-08,79.83640210809199,15.470306324615251,137.26276242170383
2017-02-09,74.3151447958125,7.371781262855018,135.34781360134917
2017-02-10,71.70702633284345,7.116946758058047,129.92742700810678
2017-02-11,36.72515663133705,-22.240828586600514,97.42371918648622
2017-02-12,48.73076853430649,-11.154595516316858,113.56679916645227
2017-02-13,92.12849857765973,27.76164273110936,151.92295276207062
2017-02-14,91.55648644988277,26.58734244298159,155.5526147106831
2017-02-15,87.931481928343,30.908341784402356,149.3955846391753
2017-02-16,81.32538779745425,18.362756744360816,147.70132269707207
2017-02-17,77.5492424793845,18.246001013329725,142.00240113493572
2017-02-18,41.36160503490689,-18.24634053883089,100.63495031758252
2017-02-19,52.16891099550745,-7.584424565327569,113.59024496264979
2017-02-20,94.4191848006792,34.03787244351293,158.4499439219072
2017-02-21,92.79067543425964,30.48479756772016,153.29945634744848
2017-02-22,88.23564805435643,24.686800440839097,145.94315773870107
2017-02-23,80.85579852261257,19.192411797149607,146.55085275865812
2017-02-24,76.48532628656184,16.38487233077923,137.55254693880647
2017-02-25,39.90585389595017,-22.16844758229981,97.64301090954575
2017-02-26,50.52477068920676,-11.030413388211555,106.7178722954824
2017-02-27,92.79040818156459,32.26317356024831,155.64632944515913
2017-02-28,91.37359883137904,30.605386141667918,151.2215471843597
2017-03-01,87.21184885991214,25.42453019264764,145.81430441230725
2017-03-02,80.38537356399205,18.686523663123893,145.11053762266383
2017-03-03,76.70100629535887,15.362999766927405,142.51595792175644
2017-03-04,40.90093735079143,-17.452033550353047,102.15303997557271
2017-03-05,52.36383142549331,-12.381329797439948,117.48802991958547
2017-03-06,95.49967707076783,32.363851440204606,158.74392551290563
2017-03-07,94.93989111271475,35.661196472353595,152.52523284612298
2017-03-08,91.58285745844037,30.16026681837939,154.87168431637699
2017-03-09,85.47130591087657,26.43595604034193,150.99028029815875
2017-03-10,82.37749929405501,15.262924016056203,144.08167927967705
2017-03-11,47.01314493227967,-18.732891779161353,109.99510255809321
2017-03-12,58.73154281260866,-2.9652633560503117,121.50279197985994
2017-03-13,101.92646152166193,37.95047723803177,160.2888365544756
2017-03-14,101.21339432275764,40.9639802798069,162.98678713629513
2017-03-15,97.48504603569113,34.136505118025404,154.073009832063
2017-03-16,90.7857543181104,27.891238986775893,158.32259724482162
2017-03-17,86.896654230775,28.6389916787755,147.50657231264933
2017-03-18,50.545336008902154,-10.528427895030655,111.91587363795828
2017-03-19,61.107518480446146,2.4524291889760317,122.61594335830581
2017-03-20,103.00207712394105,44.22187724196583,163.74245109305093
2017-03-21,100.88094733908059,42.29398986415095,163.49682458877987
2017-03-22,95.67409195124718,36.61674258829762,163.0461271455372
2017-03-23,87.46595969748314,25.58627844460339,152.41443753000198
2017-03-24,82.07943485102129,18.609272858608346,141.67107180745077
2017-03-25,44.284235483852015,-18.720482684710337,100.85853913142682
2017-03-26,53.497322349872434,-8.670103548371197,113.01586020916483
2017-03-27,94.17669665813457,33.39100128865852,155.1911041285618
2017-03-28,91.01014510645247,27.332465049247734,154.53135399501318
2017-03-29,84.95915633541894,25.98853107822644,144.7217169626939
2017-03-30,76.13446704594367,15.52109288730573,133.44683400369325
2017-03-31,70.37926462959904,9.372249322438897,135.579899032655
2017-04-01,32.477025274461774,-30.184656606818347,95.70003822715316
2017-04-02,41.8515647993772,-18.467006483236766,101.33290610900326
2017-04-03,82.96068936670103,18.528995151124587,136.8222594765953
2017-04-04,80.48500664751283,20.719615094976287,146.31620853320715
2017-04-05,75.37211715986203,15.751490595299925,137.4166220154057
2017-04-06,67.71263306648704,5.730431070534435,122.87257161621609
2017-04-07,63.32403443591385,4.8980686991261315,129.81395805013426
2017-04-08,26.959319432049405,-39.569612704446996,85.35656403784583
2017-04-09,38.00799864507539,-26.419698057035852,104.23083244788872
2017-04-10,80.89078981478875,23.099135832581847,141.23091205860075
2017-04-11,80.24953984560966,18.686591132537476,138.7723101947533
2017-04-12,76.99255844714244,18.03007974295442,139.55317275359653
2017-04-13,71.17177472843598,10.035580256348531,133.99649398733442
2017-04-14,68.56769138871559,10.236697135188654,130.67402050261944
2017-04-15,33.89905902128893,-23.165274235639306,98.90398815095111
2017-04-16,46.52479014605435,-14.785741730103004,107.98022459390204
2017-04-17,90.83944143898164,26.607743893660455,151.24551673322674
2017-04-18,91.46376840775896,35.3466502350868,147.94197660030758
2017-04-19,89.29051911400019,21.070681963099357,149.18274859099182
2017-04-20,84.36186627125294,23.083155955679114,148.21666037534595
2017-04-21,82.45444633006558,20.809106778013817,144.50428644861273
2017-04-22,48.28892844648355,-12.845777376850988,115.46031330964405
2017-04-23,61.23163878316335,0.6596787562606634,121.55510934573444
2017-04-24,105.68958113830291,47.993857513849214,170.66452634062793
2017-04-25,106.30037544750618,38.49361548322304,165.42498366078868
2017-04-26,103.97730312136724,44.88628819552607,168.85770065162345
2017-04-27,98.78588491661496,38.055341356878735,157.3161044042042
2017-04-28,96.52798950968622,31.267088349805615,156.61379126550838
2017-04-29,61.95042743479678,3.957516193163255,121.08387748387548
2017-04-30,74.44558880272537,16.403125095145977,136.74145868887638
2017-05-01,118.44549875014314,59.03064435071842,180.4843187228425
2017-05-02,118.6108444789397,53.30189998610731,181.11004688273397
2017-05-03,115.87519277169058,56.84485273705142,176.5485044888249
2017-05-04,110.32085097633963,49.74093003552056,171.1946293236135
2017-05-05,107.76239300042847,43.9036336885634,170.8077516579972
2017-05-06,72.9548238332589,13.469707740447786,134.53895584922117
2017-05-07,85.29395472130287,22.74829663645312,148.86632579117915
2017-05-08,129.21037123091202,70.21858103080869,187.6276694973117
2017-05-09,129.35855023659238,64.52776077210818,192.70997750051657
2017-05-10,126.6613414592518,67.07615247533089,184.33600653624387
2017-05-11,121.18625724577132,60.61224836203664,183.15946249273313
2017-05-12,118.72957753603768,57.9597036818787,179.1319910190061
2017-05-13,84.02522398288382,27.32912987813504,144.06399135277988
2017-05-14,96.44595149757984,38.44870882575617,155.53354439609657
2017-05-15,140.39821207697992,81.69121169699389,199.1288274676324
2017-05-16,140.5122169127057,77.23884689503917,204.016146208598
2017-05-17,137.68738080730256,78.09490327791383,196.81745522481674
2017-05-18,131.96956005783105,71.12581795474357,192.98828249990697
2017-05-19,129.13605898143842,66.48503815405827,194.73131058123892
2017-05-20,93.90532841236701,32.77577929009475,157.97890365011327
2017-05-21,105.63887631589293,43.88787424966473,165.68513843138936
2017-05-22,148.7367205335073,87.04324399907142,214.06472918670931
2017-05-23,147.82788893963937,89.85873647006247,215.242932603417
2017-05-24,143.81613498105258,84.4258987339341,208.59651237786824
2017-05-25,136.75726927857608,72.33126435171273,197.74089220498945
2017-05-26,132.44407726532097,74.45586660693918,197.31877550912392
2017-05-27,95.61574709062035,28.951031116334885,159.45559299598509
2017-05-28,105.65933454027743,40.52586285109057,171.83226156158958
2017-05-29,147.00460723045808,84.17065745913973,211.79693970467923
2017-05-30,144.31379085097,80.07310908614362,200.65162670040874
2017-05-31,138.52640763623046,70.30713311944484,199.66527327510664
2017-06-01,129.73563397850532,70.51241854834223,191.21312319886684
2017-06-02,123.77217668035571,60.98635634911095,188.69343644469598
2017-06-03,85.41262344424571,24.11092829691728,151.70679459889294
2017-06-04,94.07982814675327,33.46328369859042,153.42213022037961
2017-06-05,134.23670572840408,74.32406553255069,193.88886820293806
2017-06-06,130.5749923960907,69.21842395762347,192.07793824026365
2017-06-07,124.05919199830855,60.09454577599796,184.45455284442536
2017-06-08,114.80216348412424,52.59163905645123,176.73709465959413
2017-06-09,108.64837321883397,45.749146000884544,173.05744140524868
2017-06-10,70.38178806892083,12.889595777863706,135.4392758038862
2017-06-11,79.4259839473599,15.477161740837236,140.77501647506548
2017-06-12,120.23785476814368,57.206717931780034,176.40813388335414
2017-06-13,117.49648067177044,56.79315791915032,175.52263220936237
2017-06-14,112.14737404459288,45.984830175096974,172.1166131711388
2017-06-15,104.278549937786,44.4486429026377,168.48741640078464
2017-06-16,99.70443070987938,36.958724704327395,164.72825422403665
2017-06-17,63.17454163307751,-0.232379178528126,125.6565078113256
2017-06-18,74.07454834518838,13.988603581205403,135.92978705230777
2017-06-19,116.82099338070897,54.058896569516264,180.9960741547658
2017-06-20,116.05125987679291,55.78066327784454,181.0237993064132
2017-06-21,112.66894811245074,52.18635889303688,175.5918405496922
2017-06-22,106.72107753628732,45.147495419745894,164.20170898119886
2017-06-23,103.98309013120843,41.17732952784283,161.64580635244283
2017-06-24,69.1685789030971,11.566151539682135,134.38921610533123
2017-06-25,81.63126147504975,16.782344268917765,143.80905237745552
2017-06-26,125.76052813056644,60.60928543574621,184.1189004933505
2017-06-27,126.17206839710477,59.87477979895496,188.22538323802192
2017-06-28,123.75374244758193,60.662555379173476,185.06717774587244
2017-06-29,118.5430958358379,56.70137576598609,182.22843645988343
2017-06-30,116.31248494689747,57.58950058858508,177.11222513466535
2017-07-01,81.7787344259734,17.854466299877583,143.93643286281505
2017-07-02,94.30485006053232,37.942716471089,153.62128974080332
2017-07-03,138.2951258644654,73.37901064030565,204.48754631446434
2017-07-04,138.3851644766154,73.52826328013508,200.32282318034487
2017-07-05,135.48699727694967,68.06932741604825,195.04082259439033
2017-07-06,129.6657274614634,69.7922616763734,191.4667561616705
2017-07-07,126.72369177995263,65.50519038358308,188.2508021522888
2017-07-08,91.40909344982626,32.08244557795875,155.13114121822977
2017-07-09,103.11666277429269,40.344242213647796,164.86334574158192
2017-07-10,146.28171806479583,84.25339300654647,209.63096123260476
2017-07-11,145.56917954802276,86.05572978113628,202.46089837962396
2017-07-12,141.91775491432975,77.31122852152137,203.83109424213592
2017-07-13,135.41574952931717,76.83830600506849,197.285230238216
2017-07-14,131.88452359036614,68.80709115498851,195.0368208027941
2017-07-15,96.08657103491446,35.43606537734974,157.41935026084147
2017-07-16,107.42579415737228,49.29284344550611,167.08877465260798
2017-07-17,150.3413584801974,91.65960493733624,210.25503089018954
2017-07-18,149.49668663962154,86.24337895600365,210.0744695846685
2017-07-19,145.82380993889413,85.87382251523127,204.81388307878686
2017-07-20,139.3995245697372,81.54775568508056,204.4318117696922
2017-07-21,136.02936242169443,77.76508087624467,199.2589341096586
2017-07-22,100.45633442547967,35.79363597766614,161.73418665436813
2017-07-23,112.06199713233934,48.16492228576471,171.71941382761298
2017-07-24,155.26120057704745,94.14589873857717,215.06394557102573
2017-07-25,154.6920458298562,90.69533968089522,217.53291604564185
2017-07-26,151.261238137591,90.32413630724257,211.178689755497
2017-07-27,145.02124841256347,84.38489834487164,206.2726787147667
2017-07-28,141.75525885207514,84.40483129402672,200.77385421725836
2017-07-29,106.18681626373132,48.66152652854806,165.65914660384573
2017-07-30,117.6817127310299,56.93851769877349,178.62751849012216
2017-07-31,160.64342252167387,93.79492123941701,221.99104237232402
2017-08-01,159.7035988420245,96.52393909775738,221.72163328404454
2017-08-02,155.76779624394828,96.11260704525247,215.15908979763438
2017-08-03,148.89281681909245,88.66597706259198,214.24919868173887
2017-08-04,144.87164734618096,81.36182624378472,208.28624483721123
2017-08-05,108.44290870372564,47.526550070400205,168.75092911425727
2017-08-06,118.99234134727226,61.306624596034474,178.21755709477682
2017-08-07,160.94766649068737,102.44682865597862,219.30386356764924
2017-08-08,158.96834328131152,101.71703640687836,222.07806448653278
2017-08-09,153.9904102859295,94.08392405687908,215.62717825319203
2017-08-10,146.10283689227347,85.74424250135576,212.23478137917277
2017-08-11,141.13138345551815,78.43129412777301,206.7471276044356
2017-08-12,103.8469263705612,46.62874102922489,163.63897744703516
2017-08-13,113.66580892282337,51.55030904235856,176.01876246981703
2017-08-14,155.04359541302085,93.66407327082614,219.57408419101384
2017-08-15,152.66378664298247,90.92939742082523,215.02562954140055
2017-08-16,147.48172123621958,83.75125371929627,209.73896910159775
2017-08-17,139.60012193633176,77.19363789509343,200.9641521465092
2017-08-18,134.85231543226436,75.90947229275787,194.387861839012
2017-08-19,98.01010678322729,39.35001091275917,157.9567539295471
2017-08-20,108.48388847651805,48.3430511006347,171.70936717263834
2017-08-21,150.71637438879713,89.70061197149354,213.86890299602217
2017-08-22,149.3715224383701,87.57339172155172,209.78756178140796
2017-08-23,145.37886915905193,87.9547834214841,207.78506804763236
2017-08-24,138.80972632907915,78.49451872431531,203.91981256947656
2017-08-25,135.46125231084682,71.35734284086404,192.44856668077227
2017-08-26,100.0653563274868,40.43002355900883,160.29223874281132
2017-08-27,111.98998665314954,51.156698709471215,177.16583817237895
2017-08-28,155.6341584827154,93.73778833120473,216.02951963195494
2017-08-29,155.61824644216705,87.24047377663652,218.3015753945404
2017-08-30,152.8297225372448,91.73593850203856,212.50077142537793
2017-08-31,147.30074561858456,86.59564219031695,209.5427535432943
2017-09-01,144.793569975871,82.85709162543955,207.8301912712659
2017-09-02,110.0106870870127,46.71710960405394,167.8205919936101
2017-09-03,122.29720940300557,57.33096174889061,185.53553363221806
2017-09-04,166.03681332411352,100.66656064599485,227.5951767965379
2017-09-05,165.842732491605,106.89517484829584,229.02242503158385
2017-09-06,162.60395428012683,103.76195958235887,226.61513133502163
2017-09-07,156.36300467503767,96.07308619690922,216.46391856168538
2017-09-08,152.90127546677152,89.5965887057618,213.90435993993992
2017-09-09,116.94880371629449,54.231748263212175,178.79025539797752
2017-09-10,127.88601523390722,65.63864025992453,186.65977720939054
2017-09-11,170.1387621171237,104.5156207733492,230.07689282491089
2017-09-12,168.36816639821967,107.59930594590294,229.00142052957077
2017-09-13,163.5154518023915,101.70320061985868,222.30673095705848
2017-09-14,155.67818523130296,94.01615654261627,218.86165252435538
2017-09-15,150.69392530524408,91.19901954864038,212.11449297588987
2017-09-16,113.34823532562966,53.00778280723426,174.05453568501065
2017-09-17,123.0746254802265,59.16915037380586,183.00560766849674
2017-09-18,164.34780859171084,105.89630063373542,228.53359531015337
2017-09-19,161.87183708881903,99.40337384873368,218.32902568573164
2017-09-20,156.6233579626498,97.8809256144477,222.12986111615461
2017-09-21,148.7264596146711,89.06336086617948,207.44521005757224
2017-09-22,144.03515613962725,80.69452180570332,209.33241195472092
2017-09-23,107.34050901950447,44.96658487946897,170.68437292792302
2017-09-24,118.06998636959875,58.69799602100248,180.26653766958123
2017-09-25,160.6804717244389,100.56642092570202,220.29170757384622
2017-09-26,159.84650759098193,101.04749672395668,227.8257605767381
2017-09-27,156.50401867324032,92.83959098288702,217.74034358436677
2017-09-28,150.72598603989448,90.52247818061333,213.17292434767893
2017-09-29,148.30610447408614,85.93534341903923,212.34317290651333
2017-09-30,113.96739905658676,52.60960622376904,176.81166743732499
2017-10-01,127.06336731372917,63.34921144228835,188.19455310329332
2017-10-02,171.97301506703175,108.10680622419572,233.46839205534653
2017-10-03,173.29131985517546,110.27331465212879,234.0161414374194
2017-10-04,171.87530776266834,113.94173431185834,230.01933700211111
2017-10-05,167.7221505781667,105.86437513620179,232.63656638759338
2017-10-06,166.55524730719762,104.94114803020331,229.94412879939046
2017-10-07,133.0351959292899,73.23938959603046,192.98112947549308
2017-10-08,146.46315157672632,81.99324361839408,209.33120602186656
2017-10-09,191.17787117428347,132.10366591220344,249.40742394955078
2017-10-10,191.7479140673859,130.82799785437774,253.10607872776725
2017-10-11,189.01912665794248,127.77438722001013,250.16561543342803
2017-10-12,182.99376703971086,123.09901638779537,243.32883390863594
2017-10-13,179.41719264867072,115.65536696380904,244.98548022782055
2017-10-14,142.98898624244976,82.50043584081025,204.79589278824955
2017-10-15,153.06599763930654,88.60131255067456,215.37433596817752
2017-10-16,194.05859504380754,130.63890437869998,257.5442168745117
2017-10-17,190.62160256114555,127.21090832265666,250.31818330712548
2017-10-18,183.70007152016365,121.81907836869742,246.3588042461539
2017-10-19,173.40627489812178,112.0151154234944,232.07683711300888
2017-10-20,165.60389281299985,102.61626145367907,226.465449161228
2017-10-21,125.1163208812611,64.04794230069699,184.10204708359143
2017-10-22,131.42664530563513,67.89972403035476,192.31812043217604
2017-10-23,169.07065334091448,108.32182361912722,231.5781325301394
2017-10-24,162.82443709392965,105.94931282049205,225.64436995253044
2017-10-25,153.74682405648613,95.40296494512701,215.4221874947767
2017-10-26,142.05311189854467,77.823321633376,201.30612623465404
2017-10-27,133.69616307578693,76.51289024533536,193.7969855366117
2017-10-28,93.57187692390848,30.870411285896076,152.55730815286518
2017-10-29,101.21666363257266,39.485670854252625,162.82110672808165
2017-10-30,141.19836246538085,80.89123521439767,207.12333007369085
2017-10-31,138.30222674036133,76.85590964209891,197.81394075224713
2017-11-01,133.57226256434018,78.9186990078201,195.97018836620634
2017-11-02,127.18443961477985,64.40890060210302,185.76030998261834
2017-11-03,125.02785693374602,62.070979041832445,184.60862366737786
2017-11-04,91.91089323093368,31.249458514698873,153.77108831144113
2017-11-05,107.2599630528567,45.48843273097714,169.11673667412336
2017-11-06,155.51230235670096,96.64053802368842,215.72635677036038
2017-11-07,161.30437188964706,102.75039862880945,224.27331014273355
2017-11-08,165.51611659124615,100.28189030216738,226.3136751016645
2017-11-09,168.14753692875877,110.72478827911678,232.0552829977234
2017-11-10,174.9035804947499,117.63942049472614,235.0511505552065
2017-11-11,150.4042987263722,89.76307301801621,214.8374864040178
2017-11-12,173.88779605684988,112.84000988809882,233.7293823366548
2017-11-13,229.6072963169621,164.5772471075977,290.1489679249124
2017-11-14,242.02381143387493,178.8808127694687,302.1833332677044
2017-11-15,251.85454671644678,188.4053949345394,307.84731946570906
2017-11-16,258.9533962956048,201.08739729641377,322.89043573125366
2017-11-17,268.89943906123494,202.91354340703003,328.96448159622713
2017-11-18,246.2102883685822,185.95337778059252,311.40056267833654
2017-11-19,270.0477414902869,202.53642264045772,329.98485102549967
2017-11-20,324.61698226535043,264.71586918042317,384.6267264423058
2017-11-21,334.3607649220163,270.08274898850686,398.58610802272824
2017-11-22,340.0086706708585,279.7718147977419,402.0091116453857
2017-11-23,341.45776399766544,283.86710586098394,403.55614460230373
2017-11-24,344.3605491090784,279.28651657147043,406.9469728035461
2017-11-25,313.33708702008084,258.4086718439902,379.7515015409627
2017-11-26,327.6787433872988,268.5947763908974,391.0926591494391
2017-11-27,371.74486172663944,311.7447391685089,431.436193736595
2017-11-28,370.1538452671713,310.5624035688739,430.806096344972
2017-11-29,363.8288104036717,305.09402534588116,423.5579086317806
2017-11-30,352.87422105386236,296.56987140444716,418.79017700120687
2017-12-01,343.15949773192654,278.3844891168877,403.9951634105982
2017-12-02,299.5265631795907,239.0741035721483,360.0139842304869
2017-12-03,301.48890167273737,237.71039206044796,363.5120430655169
2017-12-04,333.6235359789284,274.4878099212667,391.68993340158397
2017-12-05,320.7575161438089,258.3555448299581,384.4040810274907
2017-12-06,304.00918949268896,240.68383496451213,367.65302591245654
2017-12-07,283.6607637383569,219.27274334392348,344.2514744482856
2017-12-08,265.73825121502904,205.42834065047583,328.00658107008366
2017-12-09,215.21584023846816,150.40414689557792,275.5739491950848
2017-12-10,211.71234265716768,145.8761820697589,272.69182562410725
2017-12-11,239.88117955357538,176.40164825671357,297.4050700636218
2017-12-12,224.59554190470072,160.54334220145364,286.3961028119104
2017-12-13,206.98902184883926,140.46441136890746,268.54326606377265
2017-12-14,187.32823594376475,128.60604621266947,250.5682013684738
2017-12-15,171.59352052871787,110.4421726298155,239.1202433272846
2017-12-16,124.68472101098865,59.94594570213132,187.90689967985813
2017-12-17,126.11968360199664,65.90156873078175,188.07286708371007
2017-12-18,160.4268561863309,99.72570007911665,221.79020374915348
2017-12-19,152.3335664685405,91.57696019913516,216.80930464768434
2017-12-20,142.8101928861695,76.15954835654485,200.0882162164949
2017-12-21,131.94665996920543,72.37758494545163,196.40000687216317
2017-12-22,125.53724185895643,59.2030055894972,187.7338013886346
2017-12-23,88.29059439258188,27.067773328346295,149.59422672529962
2017-12-24,99.53252127460196,42.50671053002267,156.96352550845032
2017-12-25,143.60277855854048,82.95375623937454,206.04732342619238
2017-12-26,145.04738641475916,88.65076866092785,206.1613567106262
2017-12-27,144.66657024018696,83.56966264506165,206.4420913577996
2017-12-28,142.39467738856098,77.70500242939738,200.84414410198593
2017-12-29,143.8865309126531,82.77582123600834,208.9906973507697
2017-12-30,113.73431232330465,52.378226383657534,174.65564175543267
2017-12-31,131.1679586441894,71.50607047312168,195.53614253823
2018-01-01,180.45481231656603,117.72069727861147,240.79846669620176
2018-01-02,186.09273718227305,123.76359585564401,251.32720542395538
2018-01-03,188.8582642619693,122.92303885575727,250.24352734103522
2018-01-04,188.6861234867927,130.3639399496511,250.03332497858023
2018-01-05,191.2560943691136,127.02990394410719,251.46116900180968
2018-01-06,161.20407096331064,100.52831971812118,220.7879636059303
2018-01-07,177.8248474405754,117.5080234783669,239.28444795581078
2018-01-08,225.46795468368504,164.5764599663039,286.66771454577736
2018-01-09,228.7280672912164,159.5577899480165,289.74256125450626
2018-01-10,228.49017594191056,165.43469077148436,289.30613883113506
2018-01-11,224.80596444989683,167.48094645342306,286.2705052183796
2018-01-12,223.47741031328493,161.6536713511454,281.02392287872914
2018-01-13,189.26459024430227,127.70257414226602,250.81390300584263
2018-01-14,201.5847526430774,140.9402977787168,262.8588477918631
2018-01-15,244.90671010380436,183.21072762217918,308.39734255536325
2018-01-16,243.93685981880853,182.31261613387343,302.4196258838056
2018-01-17,239.66237794765505,175.94133149565118,297.75494714321576
2018-01-18,232.2254407756996,170.03135517595803,296.936327945203
2018-01-19,227.5050652510255,165.0085648314234,291.0374425042096
2018-01-20,190.32358376328725,124.97081338844944,252.43726528082348
2018-01-21,200.1453645325958,139.03586198990092,262.678500999553
2018-01-22,241.46919612614585,179.2997314421051,301.66496360265063
2018-01-23,239.01592471427358,175.8394339324028,300.15662182037056
2018-01-24,233.7715879498152,172.84919894899275,296.5121546573655
2018-01-25,225.86251262414964,163.94444846811223,285.74268750724394
2018-01-26,221.13840138848917,156.21584211913415,286.0347987590409
2018-01-27,184.3803755428665,121.76716998782051,245.2522849064066
2018-01-28,195.00152986521275,130.86312801922904,255.18590787964723
2018-01-29,237.4413567987361,177.4442051780748,300.29931692698347
2018-01-30,236.35531784619437,176.76309720497636,293.4541528621879
2018-01-31,232.66096707679029,176.26248142092223,297.00020760328533
2018-02-01,226.41457037787976,164.44333765739506,287.990632691736
2018-02-02,223.39663672467998,160.25011277810424,285.3748382207648
2018-02-03,188.32203862971565,129.22207315265172,254.40548061738147
2018-02-04,200.5424670372444,136.2754481229013,261.01328059506744
2018-02-05,244.4425284629339,180.03043248030494,312.32038850053607
2018-02-06,244.6309664142377,178.7115491689679,307.48103922343006
2018-02-07,241.9871514605852,186.37944509549956,306.2973589839313
2018-02-08,236.5392173252591,176.69144987205172,297.3992241984326
2018-02-09,234.04979055310977,174.86420826565768,297.8757071055263
2018-02-10,199.22621700059685,137.81434641464742,263.96669176392624
2018-02-11,211.42279281781543,151.87529363662975,271.73397845149736
2018-02-12,255.03632539370838,195.98681192295723,319.6920095681999
2018-02-13,254.69653285268234,193.49304295628664,314.5676612258405
2018-02-14,251.31146090393594,187.98397103835327,312.658256862265
2018-02-15,244.94433551600557,186.0290887752032,304.8694966425374
2018-02-16,241.39784536254268,179.43609469033194,297.32122522868275
2018-02-17,205.42280745095377,144.633517768405,271.71026546918586
2018-02-18,216.4187759574037,158.30424125194028,278.1618243924322
2018-02-19,258.82797265117057,201.26250611404822,319.6903030165518
2018-02-20,257.3240993629937,196.9302077331909,317.1078847407462
2018-02-21,252.85626056403336,191.45589104997,318.3530093865174
2018-02-22,245.52445976711277,185.50197437509365,301.4625741520197
2018-02-23,241.16270360257246,177.24229714899656,303.8690318939391
2018-02-24,204.54670046332714,140.01395217368002,264.1589030125434
2018-02-25,215.09373989792275,153.442328443085,275.1024458072556
2018-02-26,257.25614931866096,199.11575020700653,321.08094068253206
2018-02-27,255.70989828064958,189.73654599541825,312.44484458997937
2018-02-28,251.39857968612134,192.64889261375365,314.6479506914629
2018-03-01,244.4092245124103,187.28119664582863,307.3575617570534
2018-03-02,240.5559687805203,179.8696550122805,298.8770456406861
2018-03-03,204.58853710900053,141.39226692277043,264.5041611673194
2018-03-04,215.89309989818724,155.5356380016261,275.6693473309473
2018-03-05,258.88686600408136,195.67000018253617,322.28760079985824
2018-03-06,258.2079420497408,198.6789860034593,319.70831581638436
2018-03-07,254.76064549974205,194.6124508578288,317.70871317651245
2018-03-08,248.5926841082695,186.02320789494613,306.7082435109375
2018-03-09,245.48017610616847,185.15144599739523,310.72433238637046
2018-03-10,210.13743213462786,152.17641737594488,268.31589864110043
2018-03-11,221.9190149837505,163.4066346717088,282.0450606554421
2018-03-12,265.2154015970999,206.8134427633203,325.61980860018184
2018-03-13,264.64374579052844,204.45346085087593,325.4600670421868
2018-03-14,261.09390176604796,196.17406420023124,325.8861751275103
2018-03-15,254.6061003989356,193.86714400920886,315.9991998197509
2018-03-16,250.95623900479083,185.8316983807959,314.1191015777584
2018-03-17,214.86569924023826,154.9644790292179,278.7575303849527
2018-03-18,225.70321024943286,162.13740912394294,288.8413938165601
2018-03-19,267.88008985446476,204.8941438825269,329.5502792753064
2018-03-20,266.04037750320157,206.21984500205176,328.6604068277603
2018-03-21,261.1060406973967,201.42089773347817,322.18190488091966
2018-03-22,253.15367413563723,191.40682602134814,311.9040582361712
2018-03-23,247.99868424427595,186.74197385036683,307.4227243588756
2018-03-24,210.40390936979395,148.28354079556314,270.62599092780073
2018-03-25,219.78023086851974,154.6030649778794,271.8251521924802
2018-03-26,260.5805473046225,196.08283962182438,314.6250752870528
2018-03-27,257.4886649296946,196.3482473878485,320.19733373330376
2018-03-28,251.46332444339,191.99654545102175,311.72595914166993
2018-03-29,242.61381918749083,181.81796428636167,304.81427746634506
2018-03-30,236.7832299095358,175.43291236436954,298.26776475333867
2018-03-31,198.75625440572162,135.2580230795925,260.1124410786686
2018-04-01,207.95921006362516,146.56500983402546,271.3262573452741
2018-04-02,248.85359839306918,187.06625832297013,311.46957474162633
2018-04-03,246.1247952295412,184.68344467505622,310.73674229201606
2018-04-04,240.72609048768842,180.95736021582923,303.68777686883095
2018-04-05,232.75452981962871,172.12601120308935,292.73787706134624
2018-04-06,228.03457399131682,165.0460408393348,284.13919732728937
2018-04-07,191.32653880212916,126.81177755337339,252.6422384181431
2018-04-08,202.02737246900085,140.7694110854822,263.94397350734306
2018-04-09,244.5651335663835,183.98485417138036,308.2953338380333
2018-04-10,243.58870317918692,183.86387255872677,303.58742563303144
2018-04-11,240.01292206497024,180.45081835524326,299.24249185273976
2018-04-12,233.89557012007631,171.50719786511218,298.24144511258123
2018-04-13,231.0221680391309,170.2012674714539,296.54195378369565
2018-04-14,196.11552834526907,132.1562847182611,256.1195054181792
2018-04-15,208.53757845857058,146.2499498637644,274.18022895202927
2018-04-16,252.68478710122872,185.5617443891244,309.65265395941645
2018-04-17,253.17869933619355,192.8704369472137,311.6447899071908
2018-04-18,250.91174698300665,188.26766611829157,315.00230290926345
2018-04-19,245.92473266504592,182.88492066139582,305.7004855065736
2018-04-20,243.99195391687473,183.53000298688377,305.2016174610096
2018-04-21,209.83088701841106,147.62950396943577,270.6138982204251
2018-04-22,222.80395184880769,158.4023620308583,285.7491307424716
2018-04-23,267.31369381079867,204.07123700717193,326.22040303766687
2018-04-24,267.992898796185,202.8644603804296,331.3539596049727
2018-04-25,265.7498241453395,205.46174024632012,327.5416874024133
2018-04-26,260.64496503340774,200.50428333712438,326.9793647888748
2018-04-27,258.4753481495803,199.40163557725626,322.51392086234483
2018-04-28,223.9833011817284,160.47899930709542,285.91904111397264
2018-04-29,236.55725070917828,172.70232469891872,299.8770750979342
2018-04-30,280.6259173034421,222.0501272363815,340.2065287683509
2018-05-01,280.84745694022035,220.21319308343823,341.5144475809529
2018-05-02,278.1537641164857,214.94296591391782,337.5275150742546
2018-05-03,272.62638682561237,208.76756175177138,331.70256029988633
2018-05-04,270.08007326575375,212.58594112800677,329.2849078389991
2018-05-05,235.27092321257177,174.26224539617095,295.52848856813074
2018-05-06,247.5967167087736,193.49511253925994,309.52302720039165
2018-05-07,291.49080392989407,230.36456074133818,352.4033655122022
2018-05-08,291.6111149265318,237.41838799910735,351.3774759181148
2018-05-09,288.8845084848311,229.66444777198774,353.58309152862944
2018-05-10,283.3829082483612,218.782684292871,345.86822799711314
2018-05-11,280.9072381885118,220.24556772903404,340.8069219424941
2018-05-12,246.19611705533993,186.23468822453415,313.7678767135467
2018-05-13,258.6268660898501,192.6535419643537,318.6874751505755
2018-05-14,302.6101910094798,243.10244480579556,364.6829735343892
2018-05-15,302.78007039332437,239.49722662460258,366.82927101389066
2018-05-16,300.0390402619019,238.307829981144,363.52031662150284
2018-05-17,294.4352916242336,232.51946962227686,356.0718667645894
2018-05-18,291.74756080338074,231.59776883171307,356.26747450621684
2018-05-19,256.69474001757516,199.85126680329853,317.9005196467065
2018-05-20,268.6377315090617,209.0253870335834,329.9133595589885
2018-05-21,311.9748773972565,246.58759713849227,368.8136716838433
2018-05-22,311.3324716374839,248.58462249444148,365.1588866338503
2018-05-23,307.61052204441614,250.19733210351455,373.86109404928135
2018-05-24,300.8601619451086,242.32004403310637,359.46920666133275
2018-05-25,296.86867924109794,238.65562879342593,363.377705366276
2018-05-26,260.36908390703,196.54051541074685,321.9443636937368
2018-05-27,270.7417365612342,207.0094161790745,333.7886757261776
2018-05-28,312.4093754675463,249.72997164026498,371.20010226837525
2018-05-29,310.02705921437547,244.30718506351585,365.91088157891187
2018-05-30,304.52720925586794,242.843070983244,363.2712009677562
2018-05-31,295.99617297077214,235.23855609302095,359.42311906033234
2018-06-01,290.25830031564345,224.36903838415603,352.4337198709116
2018-06-02,252.08448382824704,192.34375358369596,314.0359793555317
2018-06-03,260.8927158755848,197.54713595140353,325.74353978803674
2018-06-04,301.14203332485476,238.9174692820593,360.29432522813414
2018-06-05,297.5214002327768,232.47937107671729,360.08257292359224
2018-06-06,290.9937455790197,225.30538522674783,350.80811431472546
2018-06-07,281.6716079946246,219.5025911033842,343.99801689467506
2018-06-08,275.4004093361434,218.23529503893175,336.51873456503654
2018-06-09,236.96633220002508,178.02122613544594,296.4308226504153
2018-06-10,245.79637638120386,186.5476539697595,310.85085078784465
2018-06-11,286.35198065688877,226.96844597871774,345.9623956060864
2018-06-12,283.31777128005973,215.17670234997905,344.6851361868524
2018-06-13,277.64565922035376,219.44224255609717,337.79612618791873
2018-06-14,269.4307371826538,210.20798942660238,333.40751894092193
2018-06-15,264.4949914054657,202.65188204491892,324.6382808988264
2018-06-16,227.59579076275327,154.8426544219257,291.8385471567278
2018-06-17,238.12671025751408,178.87702833502843,297.6359183970696
2018-06-18,280.5120525756183,221.27382318006192,340.82373722576193
2018-06-19,279.3966022686339,220.41240623816265,340.1551086666347
2018-06-20,275.6908045158078,210.19043136777248,334.6448587956041
2018-06-21,269.44778706073413,207.56382800381326,332.1090732681813
2018-06-22,266.4482065485492,204.4765650570199,329.08365937886225
2018-06-23,231.40984771892883,170.58373210910094,289.68236264312895
2018-06-24,243.68949923580143,185.51755422715985,303.4451311429379
2018-06-25,287.67843831705517,226.25345487379354,346.89895616630616
2018-06-26,287.9930300021106,226.9966010210832,352.4312030810044
2018-06-27,285.52060796021004,220.52364986808396,348.5851671753861
2018-06-28,280.2970348315521,219.35078445514552,347.61878224898464
2018-06-29,278.09190783253075,218.33545277984854,338.6675906510317
2018-06-30,243.61832816136481,184.54346178559769,306.98717883959256
2018-07-01,256.23475396148297,193.09173534567327,319.0317924302186
2018-07-02,300.34027099773095,238.99372738463157,367.37963468621246
2018-07-03,300.56479483146524,236.081822053025,358.75239316109133
2018-07-04,297.8143850467484,237.35256543354032,359.18334289249987
2018-07-05,292.14808844596655,229.05962483557576,350.8031749031611
2018-07-06,289.36230054824506,223.6978614559796,349.66938202803124
2018-07-07,254.1995914631956,191.24780185556136,316.3293643224502
2018-07-08,266.0495464968319,202.063668630445,328.0228026986548
2018-07-09,309.3429883392798,248.1876763464048,373.2049094753993
2018-07-10,308.7411283767506,244.63223802002824,369.52201456710736
2018-07-11,305.1798614213718,248.19362776332176,371.0309425874229
2018-07-12,298.7456534372556,235.88171357142238,358.73101687046835
2018-07-13,295.2590421284581,237.45638163248415,358.0029489822298
2018-07-14,259.48272389061026,198.94635426766584,322.90644151674013
2018-07-15,270.8218009298323,211.57091403154422,329.6984283942562
2018-07-16,313.717574106317,253.69226068554164,379.6530050365186
2018-07-17,312.83644240337645,249.41662227980837,369.86297202869304
2018-07-18,309.1141308888859,248.44819686974964,370.10212180641537
2018-07-19,302.6316982752478,235.87455347110767,364.6762209517603
2018-07-20,299.1993393630145,232.499476248286,364.4011485079166
2018-07-21,263.5649453115089,203.54854921649013,330.06741941361173
2018-07-22,275.1149793225163,215.1856739436766,337.3948278164429
2018-07-23,318.2690319289908,256.7146706566488,377.404314606849
2018-07-24,317.66959093521183,254.0795528706488,381.821661272355
2018-07-25,314.22721836821205,252.0482114353195,375.1169741213734
2018-07-26,307.9975533117973,245.48329978081824,371.61921373597386
2018-07-27,304.766121989839,240.91880382112492,364.66770305225873
2018-07-28,269.25788352991987,205.45889144450064,331.6097842725721
2018-07-29,280.8390350119224,220.6178039146608,343.8367165858403
2018-07-30,323.9124076489705,263.55903140534434,389.1220440756433
2018-07-31,323.10795951676386,265.61413990594855,392.1851370465959
2018-08-01,319.3285312517147,257.13215218516916,378.8003455143054
2018-08-02,312.6272622298758,249.62223587104273,371.6692068327217
2018-08-03,308.79263254569474,247.6683784118178,368.488174373612
2018-08-04,272.558049062718,205.81703424502624,339.24670517143693
2018-08-05,283.30349526077964,223.04110001625136,347.14098884726207
2018-08-06,325.450579318035,261.40669549785963,384.848646268238
2018-08-07,323.65249489369774,258.7415794286931,386.41633220078285
2018-08-08,318.8390763146706,255.40002948899314,374.8346140186627
2018-08-09,311.09336677939854,252.24403614993318,374.91657185882093
